state_id,cat_id,mse_fcst,mse_naive_insample,weights,msse,rmsse,wrmsse
0,0,602425.4305370926,3205336.99522293,0.2373492,0.1879444911517624,0.4335256522418972,0.10289696555491112
0,1,42225.88159500045,92806.97983014862,0.05940489,0.4549860546295167,0.6745265410860545,0.04007017563923186
0,2,127964.5039124252,525164.4798301486,0.13699637,0.24366557302925768,0.4936249315312768,0.06762482550585397
1,0,157630.79084673658,1706683.6061571126,0.14769247,0.09236087478549643,0.30390932000433357,0.044885118657061934
1,1,19661.632250378527,31984.861995753716,0.041423693,0.6147168073755888,0.7840387792549478,0.03247778192660945
1,2,52543.44369490024,211225.8025477707,0.090252705,0.24875485409987755,0.4987532998385851,0.04501383439740239
2,0,756950.9492115892,2059257.9071125265,0.18465972,0.36758433540409674,0.6062873373278521,0.11195684962745445
2,1,13861.87060032267,44864.86889596603,0.027840594,0.3089693771861004,0.5558501391437267,0.015475197954111081
2,2,122193.8680986379,202022.8906581741,0.07438038,0.6048515972647469,0.7777220565631059,0.05784726435341593
