cat_id,mse_fcst,mse_naive_insample,weights,msse,rmsse,wrmsse
0,2208836.1169231064,16352918.489384288,0.5656031,0.13507289957795615,0.36752265178891513,0.20787194287030125
1,156606.028723906,342626.46974522294,0.13036756,0.4570751023420877,0.6760732965752217,0.08813802752599023
2,454429.63621995074,2228166.7515923567,0.3040294,0.20394776822479427,0.45160576637681926,0.137301432498967
