state_id,mse_fcst,mse_naive_insample,weights,msse,rmsse,wrmsse
0,678526.3354458318,7296701.918789809,0.43375048,0.09299082558087675,0.3049439712158231,0.13226959401404456
1,503190.85477794206,3348514.812101911,0.27936888,0.15027284722150652,0.387650418833137,0.1082974623372743
2,780251.6359890678,3735075.025477707,0.28688067,0.20889851761124278,0.45705417360663364,0.13112000845461907
