mse_naive_insample,mse_fcst,weights,msse,rmsse,wrmsse
34954574.68312102,6119078.877944496,1,0.17505802697977893,0.4183993630250636,0.4183993630250636
