mse_naive_insample,mse_fcst,weights,msse,rmsse,wrmsse
34954574.68312102,5331342.707822186,1,0.15252203055403224,0.3905406900106982,0.3905406900106982
